{
  "calibration": {
    "c_lo": 2868.07433873672,
    "c_hi": 3467.319225627763,
    "tfidf_vocab": {
      "volvo": 40,
      "s60": 32,
      "diesel": 14,
      "km": 23,
      "motor": 27,
      "de": 10,
      "wagen": 43,
      "start": 34,
      "en": 16,
      "rijdt": 31,
      "goed": 17,
      "voor": 42,
      "verkoop": 39,
      "volvo s60": 41,
      "de wagen": 11,
      "met": 26,
      "in": 20,
      "staat": 33,
      "ook": 29,
      "velgen": 38,
      "of": 28,
      "van": 37,
      "achter": 2,
      "alle": 3,
      "zijn": 44,
      "heeft": 18,
      "te": 35,
      "een": 15,
      "uit": 36,
      "000": 0,
      "op": 30,
      "deze": 13,
      "auto": 5,
      "is": 22,
      "cruise": 8,
      "control": 7,
      "als": 4,
      "meer": 25,
      "info": 21,
      "000 km": 1,
      "cruise control": 9,
      "bouwjaar": 6,
      "het": 19,
      "des": 12,
      "led": 24
    }
  },
  "metrics": {
    "mae": 4435.727809767352,
    "mape_median": 0.44880304588505,
    "r2": 0.6234218908386944,
    "n_rows": 17,
    "n_folds": 5
  }
}